proxy,port,type
IP,Порт,
75.109.249.111,1111,HTTP
50.197.38.230,60724,HTTP
107.178.4.215,35330,HTTP
198.255.114.82,3128,HTTP
128.168.89.242,8080,HTTP
103.83.36.93,5836,HTTP
13.228.91.252,3128,HTTP
50.0.51.253,46917,HTTP
130.185.238.103,8080,HTTP
205.158.57.2,53281,HTTPS
34.106.72.123,3128,HTTP
34.216.89.174,53281,HTTP
15.165.85.203,3128,HTTP
192.163.215.33,443,HTTP
71.183.100.76,42413,HTTP
72.252.4.129,8080,HTTP
104.168.149.77,3128,HTTP
3.136.226.213,3128,HTTP
68.188.63.149,8080,HTTP
199.115.147.193,42760,HTTPS
162.17.252.5,43764,HTTP
136.25.2.43,40094,HTTP
74.92.2.70,80,HTTP
76.8.255.78,46186,HTTP
38.126.254.114,45517,HTTP
191.235.104.63,8080,HTTP
69.65.65.178,34548,HTTPS
110.44.133.135,3128,HTTP
148.77.34.196,48521,HTTP
190.103.178.13,8080,HTTP
63.249.67.70,53281,HTTP
167.172.136.107,80,HTTP
103.117.108.247,36932,SOCKS4
103.216.82.20,6666,HTTP
98.143.144.45,58780,SOCKS4
34.125.5.58,3128,HTTPS
161.35.49.101,8080,HTTP
206.189.82.151,3128,HTTP
198.98.54.241,8080,HTTP
59.124.224.180,3128,HTTP
161.199.130.1,8080,HTTP
184.90.114.134,3128,HTTP
50.233.228.147,8080,HTTP
216.75.113.182,39602,HTTP
209.190.32.28,3128,HTTPS
205.185.116.235,8080,HTTP
50.233.42.98,51696,HTTP
35.192.37.211,3128,HTTP
199.195.248.24,8080,HTTP
154.127.120.18,30280,HTTP
124.41.211.212,23500,HTTP
132.255.92.34,53281,HTTPS
213.32.21.9,8080,HTTP
178.128.28.29,8080,HTTP
212.113.47.174,31449,SOCKS4
88.79.82.103,8080,HTTP
144.34.181.212,3128,HTTP
91.226.35.93,53281,HTTP
134.249.165.49,53281,HTTP
139.5.29.51,39241,HTTPS
37.59.61.18,8080,HTTP
45.236.91.20,8880,HTTPS
161.35.125.230,8080,HTTP
138.219.147.197,53281,HTTPS
45.77.46.20,8080,HTTP
39.137.69.6,8080,HTTP
186.194.178.16,8080,HTTP
125.18.107.201,36119,HTTP
216.183.40.241,39072,SOCKS4
46.232.132.249,53769,HTTP
178.62.110.236,8080,HTTP
198.98.58.178,8080,HTTP
161.35.114.60,8080,HTTP
148.77.34.195,48521,HTTPS
64.39.211.84,3128,HTTP
157.245.251.117,8080,HTTP
24.172.34.114,40675,HTTP
144.217.101.242,3129,HTTP
46.218.155.194,3128,HTTPS
213.79.122.82,8080,HTTPS
63.247.66.30,80,HTTP
52.179.18.244,8080,HTTP
104.45.11.234,3128,HTTP
82.177.38.187,8080,HTTP
114.242.116.49,4145,SOCKS4
178.62.215.190,8080,HTTP
103.106.238.230,50941,HTTP
152.204.128.46,45684,HTTP
43.248.24.158,51166,HTTP
92.255.248.230,45906,HTTPS
202.79.46.153,35828,HTTP
137.220.51.128,8080,HTTP
36.67.89.179,65205,HTTP
45.234.200.18,53281,HTTPS
34.125.152.121,3128,HTTP
3.227.29.105,3128,HTTP
103.216.82.153,6666,HTTPS
50.246.120.125,8080,HTTP
103.124.170.20,1080,SOCKS4
12.139.101.102,80,HTTP
